<?xml version="1.0" encoding="UTF-8"?>
<metadata xmlns="http://www.demandware.com/xml/impex/metadata/2006-10-31">
    <type-extension type-id="Order">
        <custom-attribute-definitions>
            <attribute-definition attribute-id="bvSentInPPEFeed">
                <display-name xml:lang="x-default">Whether order already sent in Bazaarvoice PPE feed or not</display-name>
                <type>boolean</type>
                <mandatory-flag>false</mandatory-flag>
                <externally-managed-flag>false</externally-managed-flag>
            </attribute-definition>
        </custom-attribute-definitions>
        <group-definitions>
            <attribute-group group-id="Bazaarvoice">
                <display-name xml:lang="x-default">Bazaarvoice Attribute</display-name>
                <attribute attribute-id="bvSentInPPEFeed"/>
            </attribute-group>
        </group-definitions>
    </type-extension>

    <type-extension type-id="Product">
        <custom-attribute-definitions>
            <attribute-definition attribute-id="bvAverageRating">
                <display-name xml:lang="x-default">Bazaarvoice Average Rating</display-name>
                <type>string</type>
                <localizable-flag>true</localizable-flag>
                <site-specific-flag>false</site-specific-flag>
                <mandatory-flag>false</mandatory-flag>
                <visible-flag>false</visible-flag>
                <externally-managed-flag>false</externally-managed-flag>
                <order-required-flag>false</order-required-flag>
                <externally-defined-flag>false</externally-defined-flag>
                <min-length>0</min-length>
                <field-length>0</field-length>
            </attribute-definition>
            <attribute-definition attribute-id="bvRatingRange">
                <display-name xml:lang="x-default">Bazaarvoice Rating Range</display-name>
                <type>string</type>
                <localizable-flag>true</localizable-flag>
                <site-specific-flag>false</site-specific-flag>
                <mandatory-flag>false</mandatory-flag>
                <visible-flag>false</visible-flag>
                <externally-managed-flag>false</externally-managed-flag>
                <order-required-flag>false</order-required-flag>
                <externally-defined-flag>false</externally-defined-flag>
                <min-length>0</min-length>
                <field-length>0</field-length>
            </attribute-definition>
            <attribute-definition attribute-id="bvReviewCount">
                <display-name xml:lang="x-default">Bazaarvoice Review Count</display-name>
                <type>string</type>
                <localizable-flag>true</localizable-flag>
                <site-specific-flag>false</site-specific-flag>
                <mandatory-flag>false</mandatory-flag>
                <visible-flag>false</visible-flag>
                <externally-managed-flag>false</externally-managed-flag>
                <order-required-flag>false</order-required-flag>
                <externally-defined-flag>false</externally-defined-flag>
                <min-length>0</min-length>
                <field-length>0</field-length>
            </attribute-definition>
            <attribute-definition attribute-id="bvProductType">
                <display-name xml:lang="x-default">Bazaarvoice Product Type</display-name>
                <type>string</type>
                <localizable-flag>true</localizable-flag>
                <site-specific-flag>false</site-specific-flag>
                <mandatory-flag>false</mandatory-flag>
                <visible-flag>false</visible-flag>
                <externally-managed-flag>false</externally-managed-flag>
                <order-required-flag>false</order-required-flag>
                <externally-defined-flag>false</externally-defined-flag>
                <min-length>0</min-length>
                <field-length>0</field-length>
            </attribute-definition>
        </custom-attribute-definitions>
        <group-definitions>
            <attribute-group group-id="Bazaarvoice">
                <display-name xml:lang="x-default">Custom Attribute</display-name>
                <attribute attribute-id="bvAverageRating"/>
                <attribute attribute-id="bvReviewCount"/>
                <attribute attribute-id="bvRatingRange"/>
                <attribute attribute-id="bvProductType"/>
            </attribute-group>
        </group-definitions>
    </type-extension>

    <type-extension type-id="SitePreferences">
        <custom-attribute-definitions>
            <attribute-definition attribute-id="bvAggregateAttributes">
                <display-name xml:lang="x-default">Aggregate Attributes for Syndication</display-name>
                <type>boolean</type>
                <mandatory-flag>false</mandatory-flag>
                <externally-managed-flag>false</externally-managed-flag>
            </attribute-definition>
            <attribute-definition attribute-id="bvCloudSEOKey">
                <display-name xml:lang="x-default">Cloud SEO Key</display-name>
                <description xml:lang="x-default">The key to be used to initialize SEO objects.</description>
                <type>string</type>
                <mandatory-flag>false</mandatory-flag>
                <externally-managed-flag>false</externally-managed-flag>
                <min-length>0</min-length>
                <field-length>0</field-length>
            </attribute-definition>
            <attribute-definition attribute-id="bvCustomerName">
                <display-name xml:lang="x-default">BV Client Name</display-name>
                <description xml:lang="x-default">The name of the client to be used in the naming of the ratings, product, and purchase feeds.</description>
                <type>string</type>
                <mandatory-flag>true</mandatory-flag>
                <externally-managed-flag>false</externally-managed-flag>
                <min-length>0</min-length>
                <field-length>0</field-length>
            </attribute-definition>
            <attribute-definition attribute-id="bvDeploymentZone">
                <display-name xml:lang="x-default">Deployment Zone</display-name>
                <description xml:lang="x-default">This setting is important for initializing the Cloud SEO object. Defaults to "Main Site".</description>
                <type>string</type>
                <mandatory-flag>true</mandatory-flag>
                <externally-managed-flag>false</externally-managed-flag>
                <min-length>0</min-length>
                <field-length>0</field-length>
            </attribute-definition>
            <attribute-definition attribute-id="bvEnableAA">
                <display-name xml:lang="x-default">Enable Questions &amp; Answers</display-name>
                <description xml:lang="x-default">Enables the Questions and Answers Module.</description>
                <type>boolean</type>
                <mandatory-flag>false</mandatory-flag>
                <externally-managed-flag>false</externally-managed-flag>
            </attribute-definition>
            <attribute-definition attribute-id="bvEnableBVPixel">
                <display-name xml:lang="x-default">Enable BV Pixel</display-name>
                <description xml:lang="x-default">Enables BV Pixel.</description>
                <type>boolean</type>
                <mandatory-flag>false</mandatory-flag>
                <externally-managed-flag>false</externally-managed-flag>
            </attribute-definition>
            <attribute-definition attribute-id="bvEnableCategoryPrefix">
                <display-name xml:lang="x-default">Enable Category Prefix</display-name>
                <description xml:lang="x-default">If set, then it will use the Site Name as a prefix for categories in the purchase and product feeds.</description>
                <type>boolean</type>
                <mandatory-flag>false</mandatory-flag>
                <externally-managed-flag>false</externally-managed-flag>
            </attribute-definition>
            <attribute-definition attribute-id="bvEnableCloudSEO">
                <display-name xml:lang="x-default">Enable Cloud SEO</display-name>
                <type>boolean</type>
                <mandatory-flag>false</mandatory-flag>
                <externally-managed-flag>false</externally-managed-flag>
                <default-value>false</default-value>
            </attribute-definition>
            <attribute-definition attribute-id="bvLocaleMapping">
                <display-name xml:lang="x-default">Locale Mapping(s)</display-name>
                <description xml:lang="x-default">Colon separated value pairs that define how DW Locales are mapped to BV Locales.  DW Locales must be enabled in the current DW Site.  BV Locales must be enabled within your BV platform account.  Format: ["(DW Locale ID)":]"(BV Locale)"</description>
                <type>set-of-string</type>
                <mandatory-flag>true</mandatory-flag>
                <externally-managed-flag>false</externally-managed-flag>
                <field-length>0</field-length>
            </attribute-definition>
            <attribute-definition attribute-id="bvEnableFamilyPrefix">
                <display-name xml:lang="x-default">BV Enable Family prefix</display-name>
                <type>boolean</type>
                <mandatory-flag>false</mandatory-flag>
                <externally-managed-flag>false</externally-managed-flag>
            </attribute-definition>
            <attribute-definition attribute-id="bvEnableFormattingFamilies">
                <display-name xml:lang="x-default">Enable Product Families Formatting</display-name>
                <description xml:lang="x-default">Enable formatting of product IDs in the following manner: "SiteName"-"ProductId"</description>
                <type>boolean</type>
                <mandatory-flag>false</mandatory-flag>
                <externally-managed-flag>false</externally-managed-flag>
            </attribute-definition>
            <attribute-definition attribute-id="bvEnableInlineRatings">
                <display-name xml:lang="x-default">Enable Inline Ratings</display-name>
                <type>enum-of-string</type>
                <mandatory-flag>false</mandatory-flag>
                <externally-managed-flag>false</externally-managed-flag>
                <value-definitions>
                    <value-definition>
                        <display xml:lang="x-default">Hosted Inline Ratings</display>
                        <value>hosted</value>
                    </value-definition>
                    <value-definition>
                        <display xml:lang="x-default">Feed Based Inline Ratings</display>
                        <value>native</value>
                    </value-definition>
                </value-definitions>
            </attribute-definition>
            <attribute-definition attribute-id="bvEnableProductFamilies">
                <display-name xml:lang="x-default">BV Enable Product Families</display-name>
                <description xml:lang="x-default"></description>
                <type>boolean</type>
                <mandatory-flag>false</mandatory-flag>
                <externally-managed-flag>false</externally-managed-flag>
                <default-value>false</default-value>
            </attribute-definition>
            <attribute-definition attribute-id="bvAdditionalProductFamily">
                <display-name xml:lang="x-default">Additional Product Family</display-name>
                <description xml:lang="x-default">The additional product family to be exported in the Product Feed. Comma-separated list of multiple values: UPC,EAN,MPN where MPN is manufacturer part number.</description>
                <type>string</type>
                <mandatory-flag>false</mandatory-flag>
                <externally-managed-flag>false</externally-managed-flag>
                <min-length>0</min-length>
                <field-length>0</field-length>
            </attribute-definition>
            <attribute-definition attribute-id="bvEnableProductPrefix">
                <display-name xml:lang="x-default">Enable Product Prefix</display-name>
                <description xml:lang="x-default">If set, then it will use the Site Name as a prefix for products in the purchase and product feeds.</description>
                <type>boolean</type>
                <mandatory-flag>false</mandatory-flag>
                <externally-managed-flag>false</externally-managed-flag>
            </attribute-definition>
            <attribute-definition attribute-id="bvEnableRR">
                <display-name xml:lang="x-default">Enable Ratings &amp; Reviews</display-name>
                <description xml:lang="x-default">Enables the Ratings and Reviews module.</description>
                <type>boolean</type>
                <mandatory-flag>false</mandatory-flag>
                <externally-managed-flag>false</externally-managed-flag>
            </attribute-definition>
            <attribute-definition attribute-id="bvEntityId">
                <display-name xml:lang="x-default">BV Entity ID</display-name>
                <description xml:lang="x-default">This setting affects the Product ID to be included in the ratings, product and purchase feeds.</description>
                <type>enum-of-string</type>
                <mandatory-flag>false</mandatory-flag>
                <externally-managed-flag>false</externally-managed-flag>
                <value-definitions>
                    <value-definition>
                        <display xml:lang="x-default">master</display>
                        <value>master</value>
                    </value-definition>
                    <value-definition>
                        <display xml:lang="x-default">variantID</display>
                        <value>variantID</value>
                    </value-definition>
                    
                </value-definitions>
            </attribute-definition>
            <attribute-definition attribute-id="bvEnvironment">
                <display-name xml:lang="x-default">Environment</display-name>
                <description xml:lang="x-default">The specific Bazaarvoice environment from which to pull data. Values are 'Staging' or 'Production'</description>
                <type>enum-of-string</type>
                <mandatory-flag>true</mandatory-flag>
                <externally-managed-flag>false</externally-managed-flag>
                <value-definitions>
                    <value-definition default="true">
                        <display xml:lang="x-default">Staging</display>
                        <value>Staging</value>
                    </value-definition>
                    <value-definition>
                        <display xml:lang="x-default">Production</display>
                        <value>Production</value>
                    </value-definition>
                </value-definitions>
            </attribute-definition>
            <attribute-definition attribute-id="bvOrderImageType">
                <display-name xml:lang="x-default">Purchase Feed Image Type</display-name>
                <description xml:lang="x-default">The image type and size to be used in the purchase feed. Values include "small", "medium", "large". If "small" is selected, but there is no small image, "medium" will be the default value. If no "medium" image exists, no image will be exported for that product.</description>
                <type>string</type>
                <mandatory-flag>false</mandatory-flag>
                <externally-managed-flag>false</externally-managed-flag>
                <min-length>0</min-length>
                <field-length>0</field-length>
                <default-value>medium</default-value>
            </attribute-definition>
            <attribute-definition attribute-id="bvProductImageType">
                <display-name xml:lang="x-default">Product Feed Image Type</display-name>
                <description xml:lang="x-default">The image type and size to be used in the product feed. Values include “small”, “medium”, “large”. If “small” is selected, but there is no small image, “medium” will be the default image. If no “medium” image exists, no image will be exported for that product. </description>
                <type>string</type>
                <mandatory-flag>false</mandatory-flag>
                <externally-managed-flag>false</externally-managed-flag>
                <min-length>0</min-length>
                <field-length>0</field-length>
                <default-value>medium</default-value>
            </attribute-definition>
            <attribute-definition attribute-id="bvProductTypes">
                <display-name xml:lang="x-default">BV Product Excluded Types</display-name>
                <description xml:lang="x-default">BV Product Types to exclude from transactions.</description>
                <type>set-of-string</type>
                <mandatory-flag>false</mandatory-flag>
                <externally-managed-flag>false</externally-managed-flag>
            </attribute-definition>
            <attribute-definition attribute-id="bvPurchaseFeedSource">
                <display-name xml:lang="x-default">Purchase Feed Source</display-name>
                <description xml:lang="x-default">If XML Feed is selected, removes the customer's email from BV Pixel.</description>
                <type>enum-of-string</type>
                <mandatory-flag>false</mandatory-flag>
                <externally-managed-flag>false</externally-managed-flag>
                <value-definitions>
                    <value-definition default="true">
                        <display xml:lang="x-default">XML Feed</display>
                        <value>xmlFeed</value>
                    </value-definition>
                    <value-definition>
                        <display xml:lang="x-default">BV Pixel</display>
                        <value>bvPixel</value>
                    </value-definition>
                </value-definitions>
            </attribute-definition>
            <attribute-definition attribute-id="bvPurchaseFeedTriggeringEvent">
                <display-name xml:lang="x-default">Purchase Feed Triggering Event</display-name>
                <description xml:lang="x-default">The event which triggers the Purchase Feed. If "shipping" is selected, then the purchase feed will only include shipped orders. If "purchase" is selected, the feed will contain all orders flagged for export.</description>
                <type>enum-of-string</type>
                <mandatory-flag>false</mandatory-flag>
                <externally-managed-flag>false</externally-managed-flag>
                <value-definitions>
                    <value-definition>
                        <display xml:lang="x-default">Shipping</display>
                        <value>shipping</value>
                    </value-definition>
                    <value-definition>
                        <display xml:lang="x-default">Purchase</display>
                        <value>purchase</value>
                    </value-definition>
                </value-definitions>
            </attribute-definition>
            <attribute-definition attribute-id="bvQuickViewRatingsType">
                <display-name xml:lang="x-default">Quick View rating type</display-name>
                <description xml:lang="x-default">This setting controls if the user will see Rating “Stars” or a rating summary at a glance.</description>
                <type>enum-of-string</type>
                <mandatory-flag>false</mandatory-flag>
                <externally-managed-flag>false</externally-managed-flag>
                <value-definitions>
                    <value-definition>
                        <display xml:lang="x-default">Inline Rating Stars</display>
                        <value>inlineratings</value>
                    </value-definition>
                    <value-definition>
                        <display xml:lang="x-default">Rating Summary</display>
                        <value>pdpsummary</value>
                    </value-definition>
                </value-definitions>
            </attribute-definition>
            <attribute-definition attribute-id="bvEnableCaseInsensitivePID">
                <display-name xml:lang="x-default">Enable case insensitive product ID</display-name>
                <description xml:lang="x-default">Enable case insensitive product ID for Inline Ratings Import job.</description>
                <type>boolean</type>
                <mandatory-flag>false</mandatory-flag>
                <externally-managed-flag>false</externally-managed-flag>
                <default-value>false</default-value>
            </attribute-definition>
        </custom-attribute-definitions>
        <group-definitions>
            <attribute-group group-id="Bazaarvoice Settings">
                <display-name xml:lang="x-default">Bazaarvoice Settings</display-name>
                <attribute attribute-id="bvEnvironment"/>
                <attribute attribute-id="bvCustomerName"/>
                <attribute attribute-id="bvDeploymentZone"/>
                <attribute attribute-id="bvLocaleMapping"/>
                <attribute attribute-id="bvEnableRR"/>
                <attribute attribute-id="bvEnableAA"/>
                <attribute attribute-id="bvEnableBVPixel"/>
                <attribute attribute-id="bvEnableCloudSEO"/>
                <attribute attribute-id="bvCloudSEOKey"/>
                <attribute attribute-id="bvProductImageType"/>
                <attribute attribute-id="bvOrderImageType"/>
                <attribute attribute-id="bvPurchaseFeedTriggeringEvent"/>
                <attribute attribute-id="bvPurchaseFeedSource"/>
                <attribute attribute-id="bvEnableInlineRatings"/>
                <attribute attribute-id="bvQuickViewRatingsType"/>
                <attribute attribute-id="bvEntityId"/>
                <attribute attribute-id="bvEnableProductFamilies"/>
                <attribute attribute-id="bvAdditionalProductFamily"/>
                <attribute attribute-id="bvEnableCategoryPrefix"/>
                <attribute attribute-id="bvEnableProductPrefix"/>
                <attribute attribute-id="bvEnableFamilyPrefix"/>
                <attribute attribute-id="bvAggregateAttributes"/>
                <attribute attribute-id="bvEnableFormattingFamilies"/>
                <attribute attribute-id="bvProductTypes"/>
                <attribute attribute-id="bvEnableCaseInsensitivePID"/>
            </attribute-group>
        </group-definitions>
    </type-extension>

</metadata>
