<?xml version="1.0" encoding="UTF-8"?>
<jobs xmlns="http://www.demandware.com/xml/impex/jobs/2015-07-01">
    <job job-id="Bazaarvoice Inline Ratings Import (script based)" priority="0">
        <description/>
        <parameters/>
        <split sequential="false">
            <contexts template-ref="template_704">
                <context site-id="RefArch"/>
                <context site-id="SiteGenesis"/>
            </contexts>
            <flow-template template-id="template_704">
                <step step-id="Download Rating Feed" type="custom.Bazaarvoice-Download" enforce-restart="false">
                    <description/>
                    <parameters>
                        <parameter name="Enabled">true</parameter>
                    </parameters>
                </step>
            </flow-template>
        </split>
        <split sequential="false">
            <contexts template-ref="template_61">
                <context site-id="RefArch"/>
                <context site-id="SiteGenesis"/>
            </contexts>
            <flow-template template-id="template_61">
                <step step-id="Import Ratings" type="custom.Bazaarvoice-Rating-Import" enforce-restart="false">
                    <description/>
                    <parameters>
                        <parameter name="Enabled">true</parameter>
                    </parameters>
                    <rules>
                        <on-exit status="ERROR">
                            <stop-job/>
                        </on-exit>
                    </rules>
                </step>
            </flow-template>
        </split>
        <rules>
            <on-running runtime-threshold="60m" enabled="true">
                <mark-job-as-hanging/>
                <send-mail>
                    <from>jobs@bazaarvoice02.tech-prtnr-na01.dw.demandware.net</from>
                    <to>mmontgomery@degdigital.com</to>
                    <cc>mmontgomery@degdigital.com</cc>
                </send-mail>
            </on-running>
            <on-retry enabled="true">
                <send-mail>
                    <from>jobs@bazaarvoice02.tech-prtnr-na01.dw.demandware.net</from>
                    <to>mmontgomery@degdigital.com</to>
                    <cc>mmontgomery@degdigital.com</cc>
                </send-mail>
            </on-retry>
            <on-exit status="ERROR" enabled="true">
                <send-mail>
                    <from>jobs@bazaarvoice02.tech-prtnr-na01.dw.demandware.net</from>
                    <to>mmontgomery@degdigital.com</to>
                    <cc>mmontgomery@degdigital.com</cc>
                </send-mail>
            </on-exit>
        </rules>
        <triggers>
            <run-recurring enabled="true">
                <recurrence>
                    <date-from>2018-11-29Z</date-from>
                    <date-to>2018-11-30Z</date-to>
                    <start-time>16:53:12.000Z</start-time>
                    <interval>1h</interval>
                    <day-of-week/>
                </recurrence>
            </run-recurring>
        </triggers>
    </job>

    <job job-id="Bazaarvoice Product Feed (script based)" priority="0">
        <description/>
        <parameters/>
        <split sequential="true">
            <contexts template-ref="template_3926">
                <context site-id="RefArch"/>
                <context site-id="SiteGenesis"/>
            </contexts>
            <flow-template template-id="template_3926">
                <step step-id="Site Specific Feed" type="custom.Bazaarvoice-Product-Feed-Export" enforce-restart="true">
                    <description/>
                    <parameters>
                        <parameter name="Enabled">true</parameter>
                    </parameters>
                    <rules>
                        <on-exit status="ERROR">
                            <continue/>
                        </on-exit>
                    </rules>
                </step>
            </flow-template>
        </split>
        <split sequential="true">
            <contexts template-ref="template_123">
                <context site-id="RefArch"/>
                <context site-id="SiteGenesis"/>
            </contexts>
            <flow-template template-id="template_123">
                <step step-id="Upload Product Feeds" type="custom.Bazaarvoice-Upload" enforce-restart="false">
                    <description>Product Feed Upload</description>
                    <parameters>
                        <parameter name="Enabled">true</parameter>
                        <parameter name="FeedType">Product</parameter>
                    </parameters>
                </step>
            </flow-template>
        </split>
        <rules>
            <on-running runtime-threshold="60m" enabled="true">
                <mark-job-as-hanging/>
                <send-mail>
                    <from>jobs@bazaarvoice02.tech-prtnr-na01.dw.demandware.net</from>
                    <to>jobadmin@yourdomain.com</to>
                </send-mail>
            </on-running>
            <on-retry enabled="true">
                <send-mail>
                    <from>jobs@bazaarvoice02.tech-prtnr-na01.dw.demandware.net</from>
                    <to>jobadmin@yourdomain.com</to>
                </send-mail>
            </on-retry>
            <on-exit status="ERROR" enabled="true">
                <send-mail>
                    <from>jobs@bazaarvoice02.tech-prtnr-na01.dw.demandware.net</from>
                    <to>jobadmin@yourdomain.com</to>
                </send-mail>
            </on-exit>
        </rules>
        <triggers>
            <run-recurring enabled="true">
                <recurrence>
                    <date-from>2019-01-29Z</date-from>
                    <date-to>2020-04-30Z</date-to>
                    <start-time>20:38:46.000Z</start-time>
                    <interval>1d</interval>
                    <day-of-week>
                        <weekday>Monday</weekday>
                        <weekday>Wednesday</weekday>
                        <weekday>Saturday</weekday>
                        <weekday>Friday</weekday>
                        <weekday>Sunday</weekday>
                        <weekday>Tuesday</weekday>
                        <weekday>Thursday</weekday>
                    </day-of-week>
                </recurrence>
            </run-recurring>
        </triggers>
    </job>

    <job job-id="Bazaarvoice Purchase Feed (script based)" priority="0">
        <description/>
        <parameters/>
        <split sequential="false">
            <contexts template-ref="template_44">
                <context site-id="RefArch"/>
                <context site-id="SiteGenesis"/>
            </contexts>
            <flow-template template-id="template_44">
                <step step-id="Generate Site PIE feed" type="custom.Bazaarvoice-Purchase-Feed-Export" enforce-restart="false">
                    <description/>
                    <parameters>
                        <parameter name="Enabled">true</parameter>
                        <parameter name="PurchaseFeedWaitDays">0</parameter>
                        <parameter name="PurchaseFeedNumDays">14</parameter>
                    </parameters>
                    <rules>
                        <on-exit status="ERROR">
                            <continue/>
                        </on-exit>
                    </rules>
                </step>
            </flow-template>
        </split>
        <split sequential="false">
            <contexts template-ref="template_48">
                <context site-id="RefArch"/>
                <context site-id="SiteGenesis"/>
            </contexts>
            <flow-template template-id="template_48">
                <step step-id="Upload PIE feed" type="custom.Bazaarvoice-Upload" enforce-restart="false">
                    <description/>
                    <parameters>
                        <parameter name="Enabled">true</parameter>
                        <parameter name="FeedType">Purchase</parameter>
                    </parameters>
                </step>
            </flow-template>
        </split>
        <rules>
            <on-running runtime-threshold="60m" enabled="true">
                <mark-job-as-hanging/>
                <send-mail>
                    <from>jobs@bazaarvoice02.tech-prtnr-na01.dw.demandware.net</from>
                    <to>jobadmin@yourdomain.com</to>
                </send-mail>
            </on-running>
            <on-retry enabled="true">
                <send-mail>
                    <from>jobs@bazaarvoice02.tech-prtnr-na01.dw.demandware.net</from>
                    <to>jobadmin@yourdomain.com</to>
                </send-mail>
            </on-retry>
            <on-exit status="ERROR" enabled="true">
                <send-mail>
                    <from>jobs@bazaarvoice02.tech-prtnr-na01.dw.demandware.net</from>
                    <to>jobadmin@yourdomain.com</to>
                </send-mail>
            </on-exit>
        </rules>
        <triggers>
            <run-once enabled="true">
                <date>2018-11-21Z</date>
                <time>07:48:40.000Z</time>
            </run-once>
        </triggers>
    </job>

    <job job-id="Bazaarvoice Inline Ratings Import" priority="0">
        <description/>
        <parameters/>
        <split sequential="false">
            <contexts template-ref="template_704">
                <context site-id="RefArch"/>
                <context site-id="SiteGenesis"/>
            </contexts>
            <flow-template template-id="template_704">
                <step step-id="Download Rating Feed" type="custom.Bazaarvoice-Download" enforce-restart="false">
                    <description/>
                    <parameters>
                        <parameter name="Enabled">true</parameter>
                    </parameters>
                </step>
            </flow-template>
        </split>
        <split sequential="false">
            <contexts template-ref="template_61">
                <context site-id="RefArch"/>
                <context site-id="SiteGenesis"/>
            </contexts>
            <flow-template template-id="template_61">
                <step step-id="Import Ratings" type="custom.Bazaarvoice-Rating-Import" enforce-restart="false">
                    <description/>
                    <parameters>
                        <parameter name="Enabled">true</parameter>
                    </parameters>
                    <rules>
                        <on-exit status="ERROR">
                            <stop-job/>
                        </on-exit>
                    </rules>
                </step>
            </flow-template>
        </split>
        <rules>
            <on-running runtime-threshold="60m" enabled="true">
                <mark-job-as-hanging/>
                <send-mail>
                    <from>jobs@yourdomain.com</from>
                    <to>jobadmin@yourdomain.com</to>
                </send-mail>
            </on-running>
            <on-retry enabled="true">
                <send-mail>
                    <from>jobs@yourdomain.com</from>
                    <to>jobadmin@yourdomain.com</to>
                </send-mail>
            </on-retry>
            <on-exit status="ERROR" enabled="true">
                <send-mail>
                    <from>jobs@yourdomain.com</from>
                    <to>jobadmin@yourdomain.com</to>
                </send-mail>
            </on-exit>
        </rules>
        <triggers>
            <run-once enabled="true">
                <date>2018-11-18Z</date>
                <time>01:40:33.000Z</time>
            </run-once>
        </triggers>
    </job>

    <job job-id="Bazaarvoice Product Feed" priority="0">
        <description/>
        <parameters/>
        <split sequential="false">
            <contexts template-ref="template_3926">
                <context site-id="RefArch"/>
                <context site-id="SiteGenesis"/>
            </contexts>
            <flow-template template-id="template_3926">
                <step step-id="Site Specific Feed" type="custom.Bazaarvoice-Product-Feed-Export" enforce-restart="true">
                    <description/>
                    <parameters>
                        <parameter name="Enabled">true</parameter>
                    </parameters>
                    <rules>
                        <on-exit status="ERROR">
                            <continue/>
                        </on-exit>
                    </rules>
                </step>
            </flow-template>
        </split>
        <split sequential="false">
            <contexts template-ref="template_123">
                <context site-id="RefArch"/>
                <context site-id="SiteGenesis"/>
            </contexts>
            <flow-template template-id="template_123">
                <step step-id="Upload Product Feeds" type="custom.Bazaarvoice-Upload" enforce-restart="false">
                    <description>Product Feed Upload</description>
                    <parameters>
                        <parameter name="Enabled">true</parameter>
                        <parameter name="FeedType">Product</parameter>
                    </parameters>
                </step>
            </flow-template>
        </split>
        <rules>
            <on-running runtime-threshold="60m" enabled="true">
                <mark-job-as-hanging/>
                <send-mail>
                    <from>jobs@bazaarvoice02.tech-prtnr-na01.dw.demandware.net</from>
                    <to>jobadmin@yourdomain.com</to>
                </send-mail>
            </on-running>
            <on-retry enabled="true">
                <send-mail>
                    <from>jobs@bazaarvoice02.tech-prtnr-na01.dw.demandware.net</from>
                    <to>jobadmin@yourdomain.com</to>
                </send-mail>
            </on-retry>
            <on-exit status="ERROR" enabled="true">
                <send-mail>
                    <from>jobs@bazaarvoice02.tech-prtnr-na01.dw.demandware.net</from>
                    <to>jobadmin@yourdomain.com</to>
                </send-mail>
            </on-exit>
        </rules>
        <triggers>
            <run-recurring enabled="true">
                <recurrence>
                    <date-from>2020-03-10Z</date-from>
                    <date-to>2020-04-30Z</date-to>
                    <start-time>15:56:19.000Z</start-time>
                    <interval>12M</interval>
                    <day-of-week>
                        <weekday>Monday</weekday>
                        <weekday>Wednesday</weekday>
                        <weekday>Saturday</weekday>
                        <weekday>Friday</weekday>
                        <weekday>Sunday</weekday>
                        <weekday>Tuesday</weekday>
                        <weekday>Thursday</weekday>
                    </day-of-week>
                </recurrence>
            </run-recurring>
        </triggers>
    </job>

    <job job-id="Bazaarvoice Purchase Feed" priority="0">
        <description/>
        <parameters/>
        <split sequential="false">
            <contexts template-ref="template_44">
                <context site-id="RefArch"/>
                <context site-id="SiteGenesis"/>
            </contexts>
            <flow-template template-id="template_44">
                <step step-id="Generate Site PIE feed" type="custom.Bazaarvoice-Purchase-Feed-Export" enforce-restart="false">
                    <description/>
                    <parameters>
                        <parameter name="Enabled">true</parameter>
                        <parameter name="PurchaseFeedWaitDays">0</parameter>
                        <parameter name="PurchaseFeedNumDays">14</parameter>
                    </parameters>
                    <rules>
                        <on-exit status="ERROR">
                            <continue/>
                        </on-exit>
                    </rules>
                </step>
            </flow-template>
        </split>
        <split sequential="false">
            <contexts template-ref="template_48">
                <context site-id="RefArch"/>
                <context site-id="SiteGenesis"/>
            </contexts>
            <flow-template template-id="template_48">
                <step step-id="Upload PIE feed" type="custom.Bazaarvoice-Upload" enforce-restart="false">
                    <description/>
                    <parameters>
                        <parameter name="Enabled">true</parameter>
                        <parameter name="FeedType">Purchase</parameter>
                    </parameters>
                </step>
            </flow-template>
        </split>
        <rules>
            <on-running runtime-threshold="60m" enabled="true">
                <mark-job-as-hanging/>
                <send-mail>
                    <from>jobs@bazaarvoice02.tech-prtnr-na01.dw.demandware.net</from>
                    <to>jobadmin@yourdomain.com</to>
                </send-mail>
            </on-running>
            <on-retry enabled="true">
                <send-mail>
                    <from>jobs@bazaarvoice02.tech-prtnr-na01.dw.demandware.net</from>
                    <to>jobadmin@yourdomain.com</to>
                </send-mail>
            </on-retry>
            <on-exit status="ERROR" enabled="true">
                <send-mail>
                    <from>jobs@bazaarvoice02.tech-prtnr-na01.dw.demandware.net</from>
                    <to>jobadmin@yourdomain.com</to>
                </send-mail>
            </on-exit>
        </rules>
        <triggers>
            <run-once enabled="true">
                <date>2018-11-18Z</date>
                <time>01:40:33.000Z</time>
            </run-once>
        </triggers>
    </job>

</jobs>
