<?xml version="1.0" encoding="UTF-8"?>
<services xmlns="http://www.demandware.com/xml/impex/services/2014-09-26">
    <service-credential service-credential-id="bazaarvoice.sftp.stg.RefArch">
        <url>sftp-stg.bazaarvoice.com</url>
        <user-id>bvp-demandwarec2013sandbox2</user-id>
        <password encrypted="true" encryption-type="common.export">SknC9ik4UfFaWS6RGUrqVu3t/deKPCBSBEDxHS4jM7bWuXADfsbT3ZvGAByXlmSB</password>
    </service-credential>

    <service-credential service-credential-id="bazaarvoice.sftp.stg.SiteGenesis">
        <url>sftp-stg.bazaarvoice.com</url>
        <user-id>bvp-demandwarec2013sandbox2</user-id>
        <password encrypted="true" encryption-type="common.export">n3WMaBdwEKM54n48+mKVWanB6oDvZe79x3zLu9WIuag211RDB4uTvRjdHamJz19H</password>
    </service-credential>

    <service-profile service-profile-id="bazaarvoice.http">
        <timeout-millis>500</timeout-millis>
        <rate-limit-enabled>false</rate-limit-enabled>
        <rate-limit-calls>0</rate-limit-calls>
        <rate-limit-millis>0</rate-limit-millis>
        <cb-enabled>true</cb-enabled>
        <cb-calls>3</cb-calls>
        <cb-millis>2000</cb-millis>
    </service-profile>

    <service-profile service-profile-id="bazaarvoice.http.bot">
        <timeout-millis>2000</timeout-millis>
        <rate-limit-enabled>false</rate-limit-enabled>
        <rate-limit-calls>0</rate-limit-calls>
        <rate-limit-millis>0</rate-limit-millis>
        <cb-enabled>true</cb-enabled>
        <cb-calls>3</cb-calls>
        <cb-millis>10000</cb-millis>
    </service-profile>

    <service-profile service-profile-id="bazaarvoice.sftp">
        <timeout-millis>5000</timeout-millis>
        <rate-limit-enabled>false</rate-limit-enabled>
        <rate-limit-calls>0</rate-limit-calls>
        <rate-limit-millis>0</rate-limit-millis>
        <cb-enabled>true</cb-enabled>
        <cb-calls>3</cb-calls>
        <cb-millis>20000</cb-millis>
    </service-profile>

    <service service-id="bazaarvoice.http">
        <service-type>HTTP</service-type>
        <enabled>true</enabled>
        <log-prefix>bazaarvoice_http</log-prefix>
        <comm-log-enabled>true</comm-log-enabled>
        <force-prd-enabled>false</force-prd-enabled>
        <mock-mode-enabled>false</mock-mode-enabled>
        <profile-id>bazaarvoice.http</profile-id>
        <credential-id/>
    </service>

    <service service-id="bazaarvoice.http.bot">
        <service-type>HTTP</service-type>
        <enabled>true</enabled>
        <log-prefix>bazaarvoice_http</log-prefix>
        <comm-log-enabled>true</comm-log-enabled>
        <force-prd-enabled>false</force-prd-enabled>
        <mock-mode-enabled>false</mock-mode-enabled>
        <profile-id>bazaarvoice.http.bot</profile-id>
        <credential-id/>
    </service>

    <service service-id="bazaarvoice.sftp.export.RefArch">
        <service-type>SFTP</service-type>
        <enabled>true</enabled>
        <log-prefix>bazaarvoice_sftp</log-prefix>
        <comm-log-enabled>true</comm-log-enabled>
        <force-prd-enabled>false</force-prd-enabled>
        <mock-mode-enabled>false</mock-mode-enabled>
        <profile-id>bazaarvoice.sftp</profile-id>
        <credential-id>bazaarvoice.sftp.stg.RefArch</credential-id>
    </service>

    <service service-id="bazaarvoice.sftp.export.RefArch-de">
        <service-type>HTTP</service-type>
        <enabled>false</enabled>
        <log-prefix/>
        <comm-log-enabled>false</comm-log-enabled>
        <force-prd-enabled>true</force-prd-enabled>
        <mock-mode-enabled>false</mock-mode-enabled>
        <profile-id>bazaarvoice.sftp</profile-id>
        <credential-id>bazaarvoice.sftp.stg.RefArch</credential-id>
    </service>

    <service service-id="bazaarvoice.sftp.export.RefArchGlobal">
        <service-type>HTTP</service-type>
        <enabled>true</enabled>
        <log-prefix/>
        <comm-log-enabled>false</comm-log-enabled>
        <force-prd-enabled>true</force-prd-enabled>
        <mock-mode-enabled>false</mock-mode-enabled>
        <profile-id>bazaarvoice.sftp</profile-id>
        <credential-id>bazaarvoice.sftp.stg.RefArch</credential-id>
    </service>

    <service service-id="bazaarvoice.sftp.export.SiteGenesis">
        <service-type>SFTP</service-type>
        <enabled>true</enabled>
        <log-prefix>bazaarvoice_sftp</log-prefix>
        <comm-log-enabled>true</comm-log-enabled>
        <force-prd-enabled>false</force-prd-enabled>
        <mock-mode-enabled>false</mock-mode-enabled>
        <profile-id>bazaarvoice.sftp</profile-id>
        <credential-id>bazaarvoice.sftp.stg.SiteGenesis</credential-id>
    </service>

    <service service-id="bazaarvoice.sftp.export.SiteGenesis-es">
        <service-type>HTTP</service-type>
        <enabled>true</enabled>
        <log-prefix/>
        <comm-log-enabled>false</comm-log-enabled>
        <force-prd-enabled>true</force-prd-enabled>
        <mock-mode-enabled>false</mock-mode-enabled>
        <profile-id>bazaarvoice.sftp</profile-id>
        <credential-id>bazaarvoice.sftp.stg.RefArch</credential-id>
    </service>

    <service service-id="bazaarvoice.sftp.import.RefArch">
        <service-type>SFTP</service-type>
        <enabled>true</enabled>
        <log-prefix>bazaarvoice_sftp</log-prefix>
        <comm-log-enabled>true</comm-log-enabled>
        <force-prd-enabled>false</force-prd-enabled>
        <mock-mode-enabled>false</mock-mode-enabled>
        <profile-id>bazaarvoice.sftp</profile-id>
        <credential-id>bazaarvoice.sftp.stg.RefArch</credential-id>
    </service>

    <service service-id="bazaarvoice.sftp.import.RefArch-de">
        <service-type>HTTP</service-type>
        <enabled>true</enabled>
        <log-prefix/>
        <comm-log-enabled>false</comm-log-enabled>
        <force-prd-enabled>true</force-prd-enabled>
        <mock-mode-enabled>false</mock-mode-enabled>
        <profile-id>bazaarvoice.sftp</profile-id>
        <credential-id>bazaarvoice.sftp.stg.RefArch</credential-id>
    </service>

    <service service-id="bazaarvoice.sftp.import.RefArchGlobal">
        <service-type>HTTP</service-type>
        <enabled>true</enabled>
        <log-prefix/>
        <comm-log-enabled>false</comm-log-enabled>
        <force-prd-enabled>true</force-prd-enabled>
        <mock-mode-enabled>false</mock-mode-enabled>
        <profile-id>bazaarvoice.sftp</profile-id>
        <credential-id>bazaarvoice.sftp.stg.RefArch</credential-id>
    </service>

</services>
